"species","usageKey"
"Abelmoschus ficulneus",3940858
"Abelmoschus manihot",3152706
"Abelmoschus moschatus",8312665
"Abies alba",2685484
"Abies pinsapo",2685464
"Abies sibirica",2685654
"Abildgaardia ovata",2708407
"Abutilon indicum",3152634
"Acalypha australis",3056835
"Acalypha indica",3056259
"Acanthus spinosus",5415453
"Acer campestre",3189863
"Acer cappadocicum",7262908
"Acer japonicum",3767816
"Acer negundo",3189866
"Acer platanoides",3189846
"Acer tataricum",3189843
"Achillea maritima",3120356
"Achillea nobilis",3120024
"Achillea pannonica",3120129
"Achillea ptarmica",3120333
"Achillea setacea",3120066
"Achyranthes bidentata",3085175
"Acmella paniculata",5386757
"Acmella pusilla",5386762
"Acmella uliginosa",5386720
"Aconitum lycoctonum",3033675
"Aconitum uncinatum",3033679
"Aconitum variegatum",8090449
"Acorus calamus",2873769
"Acrachne racemosa",2703234
"Acrostichum aureum",2651706
"Actaea rubra",5371704
"Actinidia arguta",3189693
"Adenostemma lavenia",3132228
"Adiantum capillus-veneris",2651816
"Adiantum hispidulum",2651839
"Adlumia fungosa",2888561
"Adonidia merrillii",2738434
"Adonis aestivalis",5371707
"Adonis annua",5371709
"Adonis flammea",8246651
"Adonis microcarpa",5616463
"Adonis vernalis",5371711
"Aegilops cylindrica",5289783
"Aegonychon purpurocaeruleum",4063960
"Aeluropus lagopoides",4136488
"Aeonium cuneatum",4198315
"Aeonium haworthii",2985683
"Aeschynomene rudis",2949399
"Aeschynomene virginica",2949101
"Aesculus hippocastanum",3189815
"Agalinis setacea",3171221
"Agastache scrophulariifolia",2926394
"Agrostemma githago",3085368
"Agrostis canina",2706465
"Agrostis hyemalis",2706548
"Agrostis scabra",2706444
"Aira caryophyllea",7747216
"Aira praecox",5289582
"Aira provincialis",5672964
"Aizoanthemopsis hispanica",9819723
"Ajuga chamaepitys",2927080
"Ajuga genevensis",2927079
"Ajuga pyramidalis",8429926
"Ajuga reptans",2927078
"Albizia chinensis",2973197
"Alcea biennis",5617600
"Alcea rugosa",5617467
"Aldrovanda vesiculosa",3190715
"Alisma gramineum",2865152
"Alisma lanceolatum",2865125
"Alisma plantago-aquatica",2865100
"Alkekengi officinarum",3797084
"Alliaria petiolata",5376075
"Allophylus cobbe",9364157
"Alloteropsis cimicina",2703273
"Alniaria alnifolia",10825869
"Alocasia macrorrhizos",5329904
"Aloe arborescens",2777537
"Aloe vera",2777724
"Alopecurus aequalis",5290083
"Alopecurus arundinaceus",5290087
"Alopecurus geniculatus",5290090
"Alopecurus myosuroides",5290097
"Alopecurus pratensis",5290081
"Alopecurus rendlei",5290073
"Alopecurus utriculatus",7990979
"Alpinia conchigera",5302311
"Alpinia malaccensis",5302216
"Alpinia mutica",5302190
"Alternanthera sessilis",3084939
"Althaea cannabina",3152519
"Althaea officinalis",3152520
"Alysicarpus bupleurifolius",2948656
"Alysicarpus vaginalis",2948605
"Alyssum alyssoides",3044855
"Alyssum desertorum",3044743
"Alyssum montanum",3044912
"Amaranthus blitum",8911082
"Amaranthus graecizans",5384373
"Ambrosia maritima",7499720
"Ambrosia psilostachya",3110686
"Amethystea caerulea",4930999
"Amherstia nobilis",2968146
"Ammannia auriculata",3188714
"Amorphophallus paeoniifolius",2871533
"Ampelocissus indica",4053804
"Ampelodesmos mauritanicus",4925448
"Amphibromus fluitans",4105765
"Amphilophium crucigerum",4931838
"Anacyclus clavatus",3148589
"Anagyris foetida",2946427
"Anaphalis margaritacea",4926336
"Anarrhinum bellidifolium",8114833
"Anchusa arvensis",7831178
"Anchusa ochroleuca",5662089
"Anchusa ovata",5662067
"Anchusa stylosa",7295349
"Andrachne telephioides",3079631
"Andrographis paniculata",3173178
"Andropogon distachyos",4150293
"Androsace elongata",3169325
"Androsace filiformis",3169328
"Androsace maxima",3169329
"Androsace occidentalis",3169321
"Anemanthele lessoniana",4136947
"Anemonastrum canadense",9419395
"Anemonastrum dichotomum",9586291
"Anemone hortensis",3925918
"Anemonoides blanda",3922048
"Anemonoides nemorosa",3921842
"Anemonoides ranunculoides",6374597
"Anemonoides sylvestris",3923861
"Anethum graveolens",3034646
"Angiopteris evecta",5274878
"Aniseia martinicensis",2928410
"Anisomeles indica",3884461
"Annona montana",5407165
"Annona mucosa",5407571
"Anthemis arvensis",3102781
"Anthemis cotula",8035698
"Anthemis ruthenica",3102823
"Anthemis secundiramea",3122531
"Anthericum liliago",2773902
"Anthriscus caucalis",5371743
"Anthriscus cerefolium",5371746
"Anthyllis vulneraria",5352367
"Antidesma bunius",3076436
"Antirrhinum tortuosum",8252253
"Apera interrupta",5289643
"Apium graveolens",5371879
"Apodytes dimidiata",3597463
"Aposeris foetida",3094355
"Aquarius cordifolius",11062899
"Aquilegia flabellata",3931157
"Aquilegia pyrenaica",7527324
"Aquilegia vulgaris",3033191
"Arabidopsis arenosa",3052509
"Arabidopsis halleri",3052450
"Araucaria araucana",2684984
"Arbutus andrachne",4170901
"Arbutus unedo",2882803
"Arctium lappa",7353729
"Arctium minus",5393103
"Arctium tomentosum",5393080
"Aremonia agrimonoides",2988624
"Arenaria leptoclados",5384470
"Argyranthemum foeniculaceum",8332440
"Argyreia nervosa",2928692
"Aria graeca",5370233
"Arisaema amurense",2866903
"Arisarum proboscideum",2867531
"Aristida adscensionis",2706277
"Aristida dichotoma",2706270
"Aristolochia clematitis",2873991
"Aristolochia rotunda",2874019
"Armeria maritima",8930531
"Arnoseris minima",3087403
"Artabotrys hexapetalus",3154909
"Artemisia annua",8373355
"Artemisia arborescens",3120677
"Artemisia austriaca",3121668
"Artemisia campestris",3121461
"Artemisia dracunculus",3121581
"Artemisia gmelinii",3121593
"Artemisia latifolia",3120837
"Artemisia pontica",8195160
"Artemisia rubripes",3121474
"Artemisia scoparia",3120713
"Artemisia stelleriana",3121391
"Artemisia tanacetifolia",7404423
"Artemisia umbelliformis",8981321
"Arthraxon castratus",5290200
"Arthraxon hispidus",5290201
"Arthraxon lanceolatus",4119690
"Arthraxon lancifolius",5674603
"Artocarpus gomezianus",3764819
"Arum italicum",5330661
"Arum maculatum",5330580
"Aruncus dioicus",5362136
"Arundina graminifolia",2795522
"Arundo donax",2703041
"Asarina procumbens",3729273
"Asarum europaeum",7313595
"Asclepias tuberosa",3170305
"Asperugo procumbens",2926055
"Asperula arvensis",2916662
"Asperula orientalis",2917001
"Asphodelus albus",2778457
"Asphodelus fistulosus",2778437
"Asphodelus tenuifolius",2778358
"Asplenium ceterach",2650617
"Asplenium polyodon",2650600
"Asplenium ruta-muraria",2650625
"Asplenium scolopendrium",2650669
"Aster altaicus",5386130
"Aster amellus",8133114
"Aster tataricus",7751501
"Astragalus arenarius",5344922
"Astragalus chinensis",7600717
"Astragalus cicer",5343253
"Astragalus contortuplicatus",5344450
"Astragalus danicus",5342838
"Astragalus falcatus",5347276
"Astragalus glycyphyllos",5346998
"Astragalus hamosus",5342681
"Astragalus onobrychis",5342618
"Astragalus sesameus",5345545
"Astrantia major",3034915
"Athyrium filix-femina",5275044
"Atocion armeria",7268098
"Atriplex australasica",3756350
"Atriplex glauca",7501008
"Atriplex hortensis",3083761
"Atriplex laciniata",3083783
"Atriplex littoralis",3083696
"Atriplex longipes",3757720
"Atriplex oblongifolia",3083657
"Atriplex prostrata",3083786
"Atriplex rosea",3083745
"Atriplex sagittata",3760099
"Aubrieta columnae",3054110
"Aurinia petraea",5377774
"Aurinia saxatilis",5377778
"Aurinia sinuata",5377794
"Avena strigosa",2705295
"Avenella flexuosa",4149465
"Avenula pubescens",2703793
"Avicennia marina",2925403
"Azolla japonica",4196468
"Bacopa caroliniana",3171189
"Bacopa monnieri",3171169
"Baldellia ranunculoides",2864546
"Bambusa vulgaris",7661971
"Barbarea stricta",5374614
"Barbarea verna",5374672
"Barbarea vulgaris",5708780
"Barleria strigosa",3770457
"Barringtonia asiatica",3082920
"Basella alba",3083504
"Basilicum polystachyon",3882375
"Bassia hyssopifolia",5383909
"Bassia laniflora",5568188
"Bassia scoparia",5383936
"Batis maritima",5414196
"Bauhinia multinervia",2953377
"Beckmannia eruciformis",5290063
"Begonia coccinea",2874715
"Bellevalia ciliata",2771938
"Bellevalia romana",2771972
"Bellevalia trifoliata",2771988
"Berberis canadensis",3033895
"Berberis japonica",6673
"Berberis vulgaris",3033894
"Bergbambos tessellata",9265392
"Bergenia crassifolia",5567694
"Bergia capensis",5646095
"Bertholletia excelsa",3083180
"Berula erecta",3034699
"Betonica officinalis",2927280
"Bidens cernua",5391710
"Bidens laevis",5391813
"Bidens radiata",5392145
"Bidens subalternans",5391882
"Bidens tripartita",5391862
"Bifora radians",5371870
"Bifora testiculata",7412216
"Bignonia aequinoctialis",3172559
"Bistorta officinalis",7925535
"Blackstonia perfoliata",6366886
"Blechnum orientale",7296799
"Blechnum spicant",7296752
"Blechnum spinulosum",4078732
"Blechnum zeelandicum",8118869
"Blitum bonus-henricus",8044896
"Blitum capitatum",5383971
"Blitum virgatum",5383969
"Blyxa aubertii",2865952
"Bocconia frutescens",2888374
"Boerhavia diandra",3086275
"Boerhavia diffusa",3086282
"Bolboschoenus maritimus",2718307
"Bolboschoenus planiculmis",2718377
"Bonamia semidigyna",5549348
"Bonnaya antipoda",3733807
"Bontia daphnoides",5415104
"Borago officinalis",2926110
"Borago pygmaea",4063741
"Bouea oppositifolia",3659898
"Brachyglottis greyi",3138479
"Brachypodium sylvaticum",5290146
"Brachypterum scandens",10779326
"Brasiliopuntia brasiliensis",7530646
"Brassica cretica",3042837
"Brassica elongata",3042888
"Braya humilis",5373789
"Briza media",2702789
"Brosimum alicastrum",2984660
"Bruguiera gymnorhiza",7583876
"Bruguiera sexangula",6370882
"Brunnera sibirica",4062274
"Bryonia alba",2874497
"Buddleja curviflora",4055799
"Buddleja indica",4055880
"Buglossoides arvensis",2925901
"Bulbostylis barbata",5292372
"Bulbostylis thouarsii",6311109
"Bunias erucago",3050357
"Bunium bulbocastanum",3034501
"Buphthalmum salicifolium",5391074
"Bupleurum falcatum",6027105
"Bupleurum lancifolium",3034557
"Bupleurum longifolium",7960717
"Bupleurum odontites",3034552
"Bupleurum rotundifolium",3034554
"Bupleurum semicompositum",3636403
"Bupleurum subovatum",3034558
"Bupleurum tenuissimum",3635987
"Bursera simaruba",3190450
"Butea monosperma",8234570
"Butia capitata",2736211
"Butomus umbellatus",2864467
"Buxus balearica",3988113
"Buxus sempervirens",2984671
"Calamus inermis",5294326
"Caldesia parnassifolia",5329163
"Calendula arvensis",9182765
"Calendula suffruticosa",5391476
"Calepina irregularis",3048782
"Calibrachoa parviflora",2928905
"Calla palustris",2869101
"Callirhoe alcaeoides",5406703
"Callisia repens",5303420
"Callistephus chinensis",3092946
"Callitriche brutia",8402883
"Callitriche hamulata",8347953
"Callitriche hermaphroditica",5372488
"Callitriche stagnalis",5372487
"Callitris oblonga",2684296
"Calluna vulgaris",2882482
"Calophyllum inophyllum",9531830
"Calophyllum soulattri",8029877
"Caltha palustris",5371685
"Calystegia soldanella",7646357
"Camelina alyssum",3042399
"Camelina microcarpa",3042416
"Camelina rumelica",3042439
"Camelina sativa",9073641
"Camellia japonica",3189636
"Cameraria latifolia",7317301
"Camonea umbellata",9452352
"Camonea vitifolia",9619573
"Campanula bononiensis",5410250
"Campanula cervicaria",5410857
"Campanula cochleariifolia",5410194
"Campanula erinus",5409852
"Campanula glomerata",5409933
"Campanula lanata",5410801
"Campanula latifolia",5411408
"Campanula patula",5410564
"Campanula persicifolia",5411475
"Campanula portenschlagiana",5410411
"Campanula rapunculus",5411920
"Campanula rotundifolia",5410907
"Campanula sibirica",5410717
"Campanula trachelium",5412014
"Canavalia gladiata",2962057
"Canavalia rosea",2962021
"Canscora diffusa",7270041
"Capsella bursa-pastoris",5375388
"Capsella rubella",5375425
"Caragana frutex",2943316
"Caragana grandiflora",2943257
"Caragana halodendron",3967193
"Cardamine africana",3046202
"Cardamine bulbifera",3045931
"Cardamine chelidonia",3045783
"Cardamine flexuosa",3046076
"Cardamine glanduligera",3045875
"Cardamine hirsuta",3046258
"Cardamine impatiens",3046187
"Cardamine macrophylla",3046173
"Cardamine parviflora",3046092
"Cardamine pratensis",7972010
"Cardamine quinquefolia",3046134
"Cardamine trifolia",3045797
"Cardiospermum halicacabum",3189939
"Carduus acanthoides",3114643
"Carduus nutans",8185959
"Carduus tenuiflorus",3114627
"Carex acuta",2722833
"Carex acutiformis",2723099
"Carex aquatilis",2724150
"Carex arenaria",2721897
"Carex argyi",2727342
"Carex bohemica",2728048
"Carex brevior",2722447
"Carex brizoides",2721983
"Carex buekii",2722500
"Carex bushii",2726467
"Carex buxbaumii",2724284
"Carex caryophyllea",2727655
"Carex distans",2726010
"Carex disticha",2725082
"Carex divisa",2723410
"Carex divulsa",2722914
"Carex extensa",2726545
"Carex flacca",2727938
"Carex gravida",2726524
"Carex laevigata",2723508
"Carex laevissima",2723048
"Carex livida",2723340
"Carex melanostachya",2723271
"Carex mesochorea",2722260
"Carex muricata",2722926
"Carex nigra",2724925
"Carex pallescens",2726592
"Carex panicea",2724609
"Carex paniculata",2723371
"Carex parvispica",9504927
"Carex pendula",2722051
"Carex pilulifera",2726614
"Carex praticola",2726082
"Carex punctata",2725754
"Carex rostrata",2726725
"Carex secalina",2727875
"Carex straminea",2724367
"Carex strigosa",2723315
"Carex swanii",2723557
"Carex sylvatica",2722602
"Carlina acaulis",3105433
"Carlina biebersteinii",3105410
"Carlina vulgaris",3105380
"Carpesium abrotanoides",3094849
"Carpesium cernuum",3094841
"Carpinus betulus",2875818
"Carrichtera annua",5375285
"Carthamus dentatus",3138215
"Carum carvi",3034714
"Casearia nitida",5331146
"Cassytha pubescens",8078440
"Castanea dentata",5333230
"Castanea sativa",5333294
"Castilleja coccinea",3170660
"Catabrosa aquatica",2705315
"Catalpa longissima",3172614
"Catananche caerulea",3134867
"Catapodium marinum",4105452
"Catapodium rigidum",2705228
"Catharanthus pusillus",3618565
"Caucalis platycarpos",3034523
"Cedrela odorata",3190511
"Ceiba pentandra",5406697
"Celtis australis",2984492
"Celtis caucasica",7141655
"Centaurea arenaria",3127822
"Centaurea calcitrapa",3128483
"Centaurea cyanus",3089561
"Centaurea macroptilon",3128269
"Centaurea melitensis",3128091
"Centaurea montana",9023462
"Centaurea nemoralis",3127553
"Centaurea nigra",3128225
"Centaurea nigrescens",3128228
"Centaurea phrygia",8305028
"Centaurea salonitana",3128910
"Centaurea solstitialis",3128888
"Centaurea stoebe",3127727
"Centaurea varnensis",3128725
"Centaurium erythraea",5414457
"Centaurium littorale",5414469
"Centaurium maritimum",7853619
"Centaurium pulchellum",7439391
"Centaurium tenuiflorum",6367342
"Centella erecta",8598241
"Centrostachys aquatica",3085184
"Cephalaria alpina",2888799
"Cephalaria syriaca",8355821
"Cerastium brachypetalum",3085439
"Cerastium comatum",3812695
"Cerastium diffusum",3085464
"Cerastium fontanum",3085458
"Cerastium glomeratum",3085440
"Cerastium grandiflorum",7267475
"Cerastium holosteoides",6364031
"Cerastium pumilum",3085469
"Cerastium semidecandrum",3085434
"Ceratocapnos claviculata",7315229
"Ceratophyllum demersum",2882398
"Ceratophyllum muricatum",5333327
"Ceratophyllum submersum",2882404
"Ceratopteris thalictroides",2651586
"Cerbera manghas",7155766
"Cerbera odollam",7155753
"Cercis canadensis",5353583
"Ceriops tagal",3086518
"Chaerophyllum aureum",3642531
"Chaerophyllum bulbosum",3034653
"Chaerophyllum hirsutum",6027328
"Chaerophyllum temulum",3034650
"Chaiturus marrubiastrum",2927071
"Chamaecrista mimosoides",2949769
"Chamaecrista serpens",2950692
"Chamaecytisus albus",5354695
"Chamaecytisus hirsutus",5354530
"Chamaecytisus ratisbonensis",5354685
"Chamaelirium luteum",2741647
"Chamaemelum fuscatum",5391595
"Chamaemelum nobile",5391599
"Chamaerops humilis",2736625
"Chasmanthe bicolor",2744161
"Chenopodiastrum murale",8149099
"Chenopodium acerifolium",3760669
"Chenopodium detestans",3760873
"Chenopodium hircinum",3083934
"Chenopodium opulifolium",3083903
"Chenopodium pratericola",3083921
"Chenopodium standleyanum",3083883
"Chenopodium vulvaria",3083932
"Chimaphila umbellata",2888307
"Chloranthus erectus",3750411
"Chorispora tenella",3044349
"Chrozophora plicata",3054448
"Chrysopogon aciculatus",5290133
"Chrysopogon serrulatus",5677426
"Chukrasia tabularis",4934732
"Cicendia filiformis",3841406
"Cicerbita alpina",3087634
"Cicerbita macrophylla",3140450
"Cicerbita plumieri",3140264
"Circaea lutetiana",3188794
"Cirsium altissimum",8078803
"Cirsium canum",3113458
"Cirsium erisithales",3113027
"Cirsium helenioides",3113777
"Cirsium heterophyllum",3113745
"Cirsium lineare",3113222
"Cirsium oleraceum",3113650
"Cirsium palustre",3113239
"Cirsium pyrenaicum",3113404
"Cirsium rivulare",3113637
"Cirsium vulgare",3112801
"Cissampelos pareira",3033937
"Cissus nodosa",3039163
"Cissus repens",3039164
"Cissus verticillata",3039173
"Cistus inflatus",3595200
"Cistus laurifolius",3596501
"Cistus monspeliensis",2874030
"Cistus salviifolius",2874027
"Citrullus colocynthis",2874622
"Clausena excavata",5834596
"Claytonia sibirica",3084742
"Clematis alpina",3033599
"Clematis brevicaudata",7277064
"Clematis fusca",6374525
"Clematis glauca",8338835
"Clematis integrifolia",6374790
"Clematis orientalis",3033532
"Clematis recta",3033543
"Cleome ornithopodioides",3054210
"Cleretum apetalum",8532859
"Clerodendrum laevifolium",7307919
"Clerodendrum quadriloculare",3890217
"Cleyera japonica",3189627
"Clianthus puniceus",2941713
"Clinopodium acinos",2927118
"Clinopodium arkansanum",2926930
"Clinopodium menthifolium",11007246
"Clinopodium nepeta",8916040
"Clinopodium umbrosum",7656634
"Clivia nobilis",5326276
"Clypeola jonthlaspi",5375313
"Cnidium silaifolium",3637877
"Coccoloba uvifera",2888831
"Coccothrinax barbadensis",2735268
"Cocculus hirsutus",3829491
"Cochlearia danica",5373254
"Cochlearia officinalis",5373276
"Coleus scutellarioides",5341492
"Coleus unguentarius",11010474
"Colubrina asiatica",5372467
"Colutea arborescens",7844167
"Commelina benghalensis",2763941
"Commelina caroliniana",2764260
"Commelina erecta",2764389
"Commelina forskaolii",4270425
"Commelina paleata",2764092
"Commelina paludosa",2764435
"Commelina virginica",2764028
"Conioselinum chinense",3034690
"Conium maculatum",3034807
"Conocarpus erectus",5421045
"Conopodium majus",6026760
"Conringia orientalis",3040913
"Convallaria majalis",7459480
"Convolvulus althaeoides",2928400
"Convolvulus arvensis",2928390
"Convolvulus betonicifolius",7324560
"Convolvulus pilosellifolius",2928388
"Corchorus depressus",8129124
"Corchorus fascicularis",4260572
"Corchorus olitorius",3152084
"Corchorus trilocularis",3152081
"Corispermum algidum",3760051
"Corispermum hyssopifolium",7793820
"Corispermum intermedium",3759655
"Corispermum marschallii",3759530
"Corispermum nitidum",3083973
"Cormus domestica",3013215
"Cornus canadensis",3082270
"Cornus mas",3082263
"Cornus sanguinea",3082234
"Coronilla cretica",5349969
"Coronilla scorpioides",5348644
"Coronilla securidaca",5349991
"Coronilla vaginalis",5348664
"Coronilla varia",5350005
"Corrigiola litoralis",5384680
"Corydalis bracteata",5531213
"Corydalis capnoides",5334213
"Corydalis cava",5530881
"Corydalis ochotensis",5531980
"Corylus avellana",2875979
"Corylus colurna",2875968
"Corylus heterophylla",2876072
"Corynephorus canescens",5290194
"Cota tinctoria",5390618
"Cotinus coggygria",3190522
"Crambe cordifolia",5373502
"Crambe hispanica",5373475
"Crambe maritima",5373533
"Crambe orientalis",5373466
"Crassula aquatica",7565449
"Crassula campestris",7575159
"Crassula helmsii",5362054
"Crassula peduncularis",10730110
"Crassula tillaea",5362055
"Crassula vaillantii",5689573
"Craterostigma nummulariifolium",7648981
"Crinum asiaticum",2853796
"Crinum moorei",4928395
"Crinum zeylanicum",2853722
"Crithmum maritimum",3632234
"Crocosmia masoniorum",2747946
"Crocus biflorus",2747340
"Crocus chrysanthus",2747489
"Crocus flavus",2747737
"Crocus heuffelianus",8844020
"Crocus longiflorus",2747464
"Crocus sativus",2747430
"Crocus speciosus",2747718
"Crocus tommasinianus",2747564
"Crocus vernus",2747567
"Crossostephium chinense",7970844
"Crotalaria alata",2941976
"Crotalaria angulata",2941721
"Crotalaria grahamiana",2941791
"Crotalaria laburnifolia",2942065
"Crotalaria linifolia",2942259
"Crotalaria mysorensis",2941738
"Crotalaria prostrata",2942090
"Crotalaria quinquefolia",2942956
"Crotalaria sagittalis",2942194
"Crotalaria triquetra",2942244
"Cruciata glabra",5338929
"Cruciata laevipes",5338920
"Cruciata pedemontana",5338943
"Crupina vulgaris",3149965
"Cryptocoryne beckettii",2869244
"Cryptocoryne walkeri",2869125
"Cryptocoryne wendtii",2869214
"Culcita macrocarpa",8349980
"Cullen corylifolium",2948930
"Cupressus sempervirens",2684030
"Curculigo capitulata",2852556
"Cuscuta approximata",2927520
"Cuscuta australis",7154776
"Cuscuta chinensis",3610749
"Cuscuta epilinum",2927530
"Cuscuta epithymum",2927518
"Cuscuta europaea",2927493
"Cuscuta lupuliformis",3678256
"Cuscuta monogyna",7361176
"Cuscuta reflexa",2927545
"Cyanotis cristata",5303371
"Cyanthillium patulum",3125201
"Cyathula prostrata",5384314
"Cycas circinalis",2683264
"Cyclamen coum",7127354
"Cyclamen purpurascens",3169315
"Cyclamen repandum",7127713
"Cylindropuntia tunicata",7282418
"Cymbidium aloifolium",5305656
"Cymbopogon flexuosus",8571291
"Cynara cardunculus",3112364
"Cynodon dactylon",6109637
"Cynoglottis barrelieri",7131800
"Cynosurus cristatus",2704395
"Cynosurus echinatus",2704394
"Cyperus acuminatus",2715570
"Cyperus alopecuroides",2715045
"Cyperus articulatus",2713638
"Cyperus corymbosus",2713778
"Cyperus cuspidatus",2716516
"Cyperus cyperoides",2714453
"Cyperus digitatus",2714238
"Cyperus distans",2713460
"Cyperus dubius",2714915
"Cyperus flavescens",2730906
"Cyperus flavidus",2730773
"Cyperus fuscus",2716489
"Cyperus glomeratus",2715054
"Cyperus hamulosus",2716110
"Cyperus hyalinus",2731093
"Cyperus imbricatus",2714233
"Cyperus iria",2715729
"Cyperus laevigatus",2713559
"Cyperus longus",8243603
"Cyperus melanospermus",8644383
"Cyperus neotropicalis",2711758
"Cyperus papyrus",2716311
"Cyperus pilosus",2715089
"Cyperus polystachyos",2730407
"Cyperus procerus",2716134
"Cyperus pumilus",8219353
"Cyperus rotundus",2714818
"Cyperus serotinus",2715620
"Cyperus stoloniferus",2714571
"Cyperus tenuiculmis",2713608
"Cyperus unioloides",2730590
"Cyrtococcum oxyphyllum",4132960
"Cyrtomium falcatum",2650829
"Cyrtomium fortunei",2650827
"Cyrtosperma merkusii",2871919
"Cyrtostachys renda",2735421
"Cystopteris fragilis",2650818
"Cytisus decumbens",5354676
"Cytisus nigricans",5356805
"Dactyloctenium aegyptium",2706188
"Dalbergia melanoxylon",2968897
"Dalea candida",5353279
"Dalea purpurea",5353342
"Dasiphora fruticosa",5370380
"Dasypyrum villosum",2704854
"Daucus aureus",6027382
"Daucus carota",3034742
"Daucus glochidiatus",6027313
"Daucus pusillus",3034741
"Decalobanthus peltatus",9413254
"Delphinium ajacis",3033833
"Delphinium consolida",3033836
"Delphinium elatum",3033757
"Delphinium tenuissimum",8396689
"Dendrobium antennatum",5316866
"Dendrobium crumenatum",5316744
"Dendrobium mirbelianum",5315358
"Dendrolobium umbellatum",2946798
"Dentella repens",2900952
"Deschampsia cespitosa",8059811
"Deschampsia setacea",4142609
"Descurainia sophia",3044318
"Dianella ensifolia",8365251
"Dianthus armeria",3085413
"Dianthus barbatus",3085421
"Dianthus campestris",7592185
"Dianthus carthusianorum",8400876
"Dianthus deltoides",3085424
"Dianthus giganteus",7267630
"Dichanthelium acuminatum",2702678
"Dichodon viscidum",5384523
"Dichondra repens",2928667
"Dichrocephala integrifolia",3115588
"Dichrostachys cinerea",2975891
"Dicranopteris flexuosa",5275374
"Dicranopteris linearis",5275373
"Dictamnus albus",5421338
"Digera muricata",6429755
"Digitalis ferruginea",5414991
"Digitalis grandiflora",5414992
"Digitalis lanata",5414989
"Digitaria abyssinica",5289929
"Digitaria bicornis",5289968
"Digitaria fuscescens",5289932
"Digitaria ischaemum",5290003
"Digitaria longiflora",5289974
"Digitaria mollicoma",5675463
"Digitaria nuda",5289967
"Digitaria sanguinalis",5289972
"Digitaria setigera",5289961
"Digitaria violascens",5289995
"Dillenia indica",5383898
"Dimeria ornithopoda",2706204
"Dinebra retroflexa",2703240
"Diodia virginiana",2908579
"Dioscorea alata",2754476
"Dioscorea pentaphylla",2754423
"Diospyros ebenum",3032979
"Diospyros lotus",3032980
"Diospyros philippinensis",4070892
"Diplazium proliferum",7558255
"Diplotaxis erucoides",5376309
"Dipsacus fullonum",8435025
"Dipsacus laciniatus",2888814
"Discocactus ferricola",3950777
"Dodonaea viscosa",5421144
"Dolomiaea costus",10864861
"Doronicum grandiflorum",3142996
"Doronicum pardalianches",3142951
"Doronicum plantagineum",8340385
"Dovyalis hebecarpa",2874134
"Draba muralis",3112
"Draba nemorosa",3049685
"Draba verna",7473187
"Dracaena angustifolia",5304502
"Dracocephalum thymiflorum",2927224
"Dracunculus vulgaris",5330001
"Drosera capillaris",3190971
"Drosera filiformis",3191183
"Drosera intermedia",3191157
"Drosera rotundifolia",3191030
"Drymaria cordata",5384509
"Dryopteris affinis",8915858
"Dryopteris dilatata",5275103
"Dryopteris filix-mas",5275132
"Duranta stenostachya",4086849
"Dysphania botrys",5568428
"Ecballium elaterium",2874680
"Echinacea purpurea",3150935
"Echinocystis lobata",5331404
"Echinops exaltatus",5392683
"Echinops ritro",5392950
"Echinops sphaerocephalus",5392883
"Echinopsis oxygona",7281375
"Echinospartum horridum",2959222
"Echium hierrense",4058905
"Echium italicum",2925889
"Echium pininana",4068166
"Echium plantagineum",2925895
"Echium simplex",4067782
"Edrastima trinervia",9514287
"Elaeagnus angustifolia",3039269
"Elaeagnus conferta",7293128
"Elaeis oleifera",8791596
"Elaeocarpus floribundus",7290985
"Elaeodendron croceum",3792084
"Elatine ambigua",5421094
"Elatine hungarica",7289729
"Elatine triandra",5421095
"Eleocharis acicularis",2717570
"Eleocharis acutangula",2716800
"Eleocharis atropurpurea",2717771
"Eleocharis dulcis",2717712
"Eleocharis flavescens",2717421
"Eleocharis geniculata",2716850
"Eleocharis minuta",2717752
"Eleocharis ochrostachys",2716911
"Eleocharis palustris",2717002
"Eleocharis parvula",2716818
"Eleocharis retroflexa",2716932
"Elettaria cardamomum",2759871
"Eleutherococcus senticosus",3035369
"Ellisia nyctelea",2928303
"Entada gigas",2976183
"Enteropogon prieurii",5290205
"Enydra fluctuans",5402447
"Ephedra distachya",2653321
"Ephedra equisetina",2653316
"Ephedra foeminea",2653458
"Epimedium alpinum",7695021
"Epipremnum pinnatum",2868272
"Equisetum hyemale",2687927
"Equisetum ramosissimum",2687940
"Equisetum telmateia",2687943
"Equisetum variegatum",2687920
"Eranthis hyemalis",3033227
"Eremogone longifolia",3814534
"Eremogone procera",3814389
"Eremopyrum orientale",2704658
"Eremopyrum triticeum",2704661
"Erica arborea",5333410
"Erica carnea",5682465
"Erica cinerea",5333411
"Erica lusitanica",5333409
"Erica tetralix",5333412
"Erica vagans",5333408
"Erinus alpinus",3741446
"Eriocaulon decangulare",2690647
"Eriocaulon melanocephalum",2690429
"Eriocaulon truncatum",2690514
"Erodium brachycarpum",2891617
"Erodium ciconium",9429152
"Erodium laciniatum",2891619
"Erodium manescavi",3826854
"Erodium moschatum",9419993
"Erucastrum gallicum",5375547
"Eryngium aquaticum",3034418
"Eryngium campestre",3034426
"Eryngium divaricatum",3034427
"Eryngium giganteum",3631129
"Eryngium maritimum",3034391
"Eryngium planum",3034393
"Erysimum cheiranthoides",3048266
"Erysimum diffusum",3048288
"Erysimum marschallianum",3048613
"Erysimum odoratum",3048357
"Erysimum quadrangulum",3692331
"Erysimum repandum",3048166
"Erysimum virgatum",3048674
"Erythrina fusca",5349620
"Erythrina variegata",5349581
"Erythrina velutina",5349685
"Erythrophleum suaveolens",2971196
"Eschenbachia leucantha",9338724
"Eucalyptus pulverulenta",3176788
"Eucalyptus raveretiana",3176592
"Euclidium syriacum",3049314
"Eulalia leschenaultiana",5676774
"Eulophia graminea",5312157
"Euphrasia disjuncta",3171996
"Euphrasia hirtella",3738480
"Euphrasia micrantha",3171979
"Euphrasia nemorosa",3171964
"Euphrasia salisburgensis",7591079
"Eurybia schreberi",5396165
"Eurybia sibirica",5396081
"Exacum pallidum",3840789
"Exallage auricularia",2916058
"Fagopyrum tataricum",2889378
"Falcaria vulgaris",5371782
"Fallopia dumetorum",6391446
"Fibigia clypeata",3051652
"Filago arvensis",3115875
"Filago germanica",7533148
"Filago lutescens",3115897
"Filago pyramidata",3115755
"Filicium decipiens",3189977
"Filipendula vulgaris",2988069
"Fimbristylis aestivalis",2708266
"Fimbristylis alboviridis",2708461
"Fimbristylis aphylla",2708794
"Fimbristylis bisumbellata",2708744
"Fimbristylis complanata",2708680
"Fimbristylis dichotoma",2708808
"Fimbristylis ferruginea",2708137
"Fimbristylis griffithii",2708717
"Fimbristylis schoenoides",2708724
"Fimbristylis squarrosa",2708463
"Fimbristylis umbellaris",2708372
"Fimbristylis velata",2708469
"Flacourtia rukam",5331160
"Flemingia lineata",5359831
"Flemingia macrophylla",5359866
"Flemingia strobilifera",5359843
"Flueggea flexuosa",5382874
"Forchhammeria polyandra",5377846
"Forsythia ovata",5415055
"Fragaria moschata",8350369
"Frankenia laevis",7273513
"Frankenia pulverulenta",2874692
"Fraxinus excelsior",3172358
"Fraxinus mandshurica",6433032
"Fraxinus ornus",3172347
"Freesia leichtlinii",2747079
"Fritillaria meleagris",5300535
"Fuirena pubescens",2719050
"Fuirena scirpoidea",2719024
"Fumaria capreolata",5334218
"Fumaria densiflora",5530883
"Fumaria officinalis",5334217
"Fumaria parviflora",5334215
"Fumaria reuteri",5334219
"Fumaria rostellata",5531762
"Fumaria schleicheri",7315160
"Fumaria vaillantii",5334216
"Furcraea hexapetala",2769812
"Gagea fragifera",5300170
"Gagea lutea",5300245
"Gagea minima",5300136
"Gagea pratensis",5300102
"Gagea villosa",5300296
"Galanthus alpinus",2855327
"Galanthus elwesii",2855398
"Galanthus nivalis",2855356
"Galanthus plicatus",2855338
"Galanthus woronowii",2855439
"Galatella sedifolia",3091620
"Galax urceolata",5333324
"Galega officinalis",2975667
"Galeopsis angustifolia",5341306
"Galeopsis bifida",5341303
"Galeopsis ladanum",5341309
"Galeopsis pubescens",5341310
"Galeopsis segetum",5341308
"Galeopsis speciosa",5341305
"Galium aristatum",2913280
"Galium asperifolium",2914920
"Galium divaricatum",2908428
"Galium glaucum",2914515
"Galium humifusum",2908433
"Galium intermedium",2913572
"Galium mollugo",9039392
"Galium odoratum",2914642
"Galium parisiense",2913169
"Galium pumilum",9121716
"Galium rotundifolium",2914110
"Galium rubioides",2913315
"Galium saxatile",2914547
"Galium spurium",2913214
"Galium sylvaticum",2913288
"Galium tricornutum",2913452
"Galium trifidum",2913365
"Galium uliginosum",2913556
"Galium verum",9063248
"Gamochaeta purpurea",3103209
"Gaudinia fragilis",5290242
"Gaultheria procumbens",2882753
"Genista aetnensis",5347587
"Genista anglica",5347644
"Genista germanica",5347824
"Genista linifolia",5347599
"Genista monspessulana",5347796
"Genista tinctoria",5347612
"Gentiana asclepiadea",7270381
"Gentiana clusii",7270031
"Gentiana cruciata",3170115
"Gentiana lutea",3170040
"Gentiana pannonica",7440277
"Gentiana punctata",8008282
"Gentiana septemfida",3170066
"Gentiana verna",8232412
"Geranium bicknellii",2890075
"Geranium bohemicum",2891010
"Geranium columbinum",2890603
"Geranium dissectum",2890040
"Geranium divaricatum",2890013
"Geranium endressii",2890502
"Geranium lucidum",2890560
"Geranium macrorrhizum",2891079
"Geranium molle",2891488
"Geranium nepalense",2890266
"Geranium phaeum",2891390
"Geranium pratense",2891304
"Geranium purpureum",2890541
"Geranium pusillum",2890212
"Geranium reflexum",2890512
"Geranium retrorsum",2890594
"Geranium robertianum",2890668
"Geranium rotundifolium",2891031
"Geranium sanguineum",2890920
"Geranium sibiricum",2891583
"Geranium solanderi",2890846
"Geranium sylvaticum",2891147
"Geropogon hybridus",3132755
"Geum aleppicum",5369685
"Geum montanum",5369806
"Geum rivale",5369701
"Geum urbanum",5369652
"Gillenia stipulata",7557273
"Gillenia trifoliata",2986435
"Gisekia pharnaceoides",7265816
"Gladiolus communis",2750096
"Gladiolus imbricatus",2749827
"Gladiolus italicus",2749791
"Gladiolus palustris",2750279
"Glaucium corniculatum",5334188
"Glaucium flavum",5334190
"Glebionis segetum",3141101
"Glechoma hederacea",2926557
"Glechoma hirsuta",7307991
"Glinus lotoides",3084616
"Globba marantina",2757840
"Glochidion puberum",3080488
"Gloriosa superba",2740024
"Glyceria canadensis",2705512
"Glyceria declinata",2705488
"Glyceria fluitans",2705495
"Glyceria maxima",2705484
"Glyceria notata",4105780
"Glyceria striata",2705503
"Glycine tabacina",5359681
"Glycyrrhiza glabra",2965732
"Glycyrrhiza lepidota",2965778
"Gmelina elliptica",5607694
"Gnaphalium uliginosum",5390848
"Goldbachia laevigata",5376058
"Goniolimon tataricum",7298043
"Goodyera repens",2840931
"Gossypium arboreum",3152663
"Gouania mauritiana",5602974
"Gratiola officinalis",3171915
"Groenlandia densa",4009380
"Grona barbata",10812682
"Grona heterocarpos",10775938
"Grona heterophylla",10734509
"Guaiacum officinale",3986813
"Guilandina bonduc",8400302
"Guzmania monostachia",2699018
"Gymnema sylvestre",8040540
"Gypsophila paniculata",5384458
"Gypsophila vaccaria",8091998
"Hackelia deflexa",2925944
"Halerpestes cymbalaria",3033443
"Halesia carolina",5371655
"Halophila decipiens",5329611
"Halophila stipulacea",5329631
"Harpullia arborea",3190016
"Hasteola suaveolens",3151877
"Hedera helix",8351737
"Hedlundia mougeotii",9312105
"Helianthus angustifolius",3119144
"Helianthus occidentalis",3119248
"Helichrysum arenarium",3131809
"Helictochloa hookeri",6559937
"Heliotropium curassavicum",2925786
"Heliotropium europaeum",2925767
"Heliotropium sibiricum",12282204
"Heliotropium supinum",2925777
"Heliotropium zeylanicum",4060631
"Helleborus dumetorum",7277148
"Helleborus foetidus",6375040
"Helleborus niger",3033107
"Helleborus orientalis",6374953
"Helleborus viridis",3033108
"Hellenia speciosa",7584507
"Helminthotheca echioides",3141855
"Helosciadium nodiflorum",3631293
"Helosciadium repens",7456091
"Hemarthria altissima",2706322
"Hemarthria compressa",4151551
"Hemionitis atropurpurea",9763823
"Hepatica nobilis",5371699
"Herissantia crispa",3152514
"Heritiera littoralis",7725132
"Herniaria glabra",3085798
"Herniaria hirsuta",3085797
"Herniaria incana",3085799
"Hesperis sylvestris",3042328
"Hesperis tristis",3042221
"Hesperostipa comata",2702491
"Heteranthera reniformis",2766151
"Hibiscus diversifolius",7279239
"Hibiscus laevis",3152576
"Hibiscus surattensis",3941020
"Hibiscus tiliaceus",3152584
"Hibiscus trionum",3152560
"Hippeastrum reginae",2854474
"Hippeastrum striatum",2854490
"Hippeastrum vittatum",2854588
"Hippocrepis comosa",5353750
"Hippocrepis emerus",5353705
"Hippophae rhamnoides",3039285
"Hippuris vulgaris",5372503
"Hirschfeldia incana",3050595
"Holcus mollis",2706163
"Holosteum umbellatum",3085349
"Hordeum bulbosum",2706067
"Hordeum jubatum",2706052
"Hordeum marinum",2706053
"Hordeum secalinum",2706068
"Hornungia procumbens",5376158
"Hottonia palustris",4006551
"Houstonia caerulea",5338866
"Hura crepitans",5380015
"Hyacinthoides non-scripta",5304283
"Hydnocarpus pentandrus",3877971
"Hydrangea hydrangeoides",8637348
"Hydrilla verticillata",5329570
"Hydrocera triflora",5687094
"Hydrocharis laevigata",11055820
"Hydrocharis morsus-ranae",5329266
"Hydrocotyle ranunculoides",7978544
"Hydrocotyle umbellata",3034614
"Hydrocotyle verticillata",3034602
"Hydrocotyle vulgaris",3034606
"Hydrolea zeylanica",3612749
"Hygrophila costata",5415348
"Hygrophila erecta",5575565
"Hygrophila polysperma",5415355
"Hylotelephium maximum",7334631
"Hymenachne amplexicaulis",2705781
"Hymenaea courbaril",2950750
"Hyophorbe verschaffeltii",2735589
"Hyoscyamus niger",2928978
"Hypecoum pendulum",2888559
"Hypertelis cerviana",9397635
"Hypochaeris glabra",3093911
"Hypolepis dicksonioides",5532275
"Hypolepis tenuifolia",5275022
"Hyssopus officinalis",5341387
"Iberodes linifolia",9629001
"Ilex aquifolium",5414222
"Illecebrum verticillatum",5384589
"Impatiens flaccida",4193555
"Imperata conferta",5679125
"Imperata cylindrica",8424006
"Indigastrum parviflorum",2966643
"Indigofera diversifolia",2972374
"Indigofera kirilowii",2971804
"Indigofera linifolia",2971525
"Indigofera oblongifolia",2971726
"Indigofera zollingeriana",2972275
"Inula helenium",3148340
"Inula racemosa",4933624
"Ipomoea biflora",8302726
"Ipomoea coptica",8117771
"Ipomoea eriocarpa",2928545
"Ipomoea fimbriosepala",3679238
"Ipomoea imperati",2928596
"Ipomoea littoralis",2928581
"Ipomoea mauritiana",4927144
"Ipomoea polymorpha",5829169
"Ipomoea sagittata",2928626
"Ipomoea wightii",8175980
"Iris aphylla",5298613
"Iris domestica",5298546
"Iris ensata",5298900
"Iris foetidissima",5298765
"Iris graminea",5298908
"Iris laevigata",5298334
"Iris lutescens",5298190
"Iris pseudacorus",5298231
"Iris pumila",5298675
"Iris sanguinea",5298821
"Iris setosa",5298796
"Iris sibirica",5298126
"Iris spuria",5298946
"Iris tuberosa",5298224
"Iris variegata",9082208
"Iris xiphium",5297966
"Isachne pulchella",2703547
"Isatis tinctoria",5374118
"Isolepis cernua",2713316
"Isolepis fluitans",2713142
"Isolepis setacea",2713300
"Isopyrum thalictroides",5615962
"Ixia campanulata",5296704
"Jacobaea aquatica",8340600
"Jacobaea erucifolia",10487667
"Jacobaea grandidentata",9478396
"Jacobaea subalpina",5388603
"Jacobaea vulgaris",5388602
"Jasione montana",8366345
"Juncus acutiflorus",2701571
"Juncus articulatus",2701261
"Juncus bulbosus",2701339
"Juncus capitatus",2701957
"Juncus castaneus",2701078
"Juncus compressus",2701599
"Juncus conglomeratus",2701418
"Juncus effusus",2701311
"Juncus elliottii",2701172
"Juncus filiformis",2701799
"Juncus foliosus",2701578
"Juncus fontanesii",7898099
"Juncus inflexus",2701841
"Juncus maritimus",2701869
"Juncus prismatocarpus",2701743
"Juncus pygmaeus",8128700
"Juncus squarrosus",2701727
"Juncus subnodulosus",2701900
"Juncus torreyi",2701550
"Juniperus communis",2684709
"Juniperus horizontalis",2684410
"Juniperus phoenicea",2684640
"Juniperus procera",2684500
"Juniperus pseudosabina",2684809
"Juniperus sabina",7963890
"Kadenia dubia",9101840
"Kalanchoe rosei",7334166
"Khaya anthotheca",3852095
"Khaya senegalensis",3190508
"Kickxia elatine",3170819
"Kickxia spuria",3170817
"Kleinhovia hospita",3152102
"Koeleria delavignei",4137877
"Koeleria macrantha",2705914
"Koeleria pyramidata",2705921
"Krigia dandelion",3132416
"Kummerowia stipulacea",5352522
"Kundmannia sicula",3631370
"Lactuca hirsuta",7521930
"Lactuca ludoviciana",3140324
"Lactuca muralis",3140320
"Lactuca saligna",3140467
"Lactuca tatarica",9123250
"Lactuca virosa",3140346
"Laguncularia racemosa",3189382
"Lagurus ovatus",5290177
"Lallemantia iberica",5608183
"Lamium amplexicaule",2926679
"Lamium confertum",2926681
"Lamium galeobdolon",2927324
"Lamium hybridum",8941778
"Lamium maculatum",2926684
"Lampranthus coccineus",3084855
"Lampranthus debilis",3705997
"Lampranthus glaucus",7329354
"Lantana viburnoides",7383157
"Laportea interrupta",2984469
"Lappula squarrosa",2925756
"Lapsanastrum apogonoides",3104907
"Laser archangelica",9467715
"Laser trilobum",3630948
"Latania lontaroides",2739279
"Lathraea clandestina",3738544
"Lathyrus angulatus",5356429
"Lathyrus aphaca",5356649
"Lathyrus cicera",5356481
"Lathyrus grandiflorus",7571428
"Lathyrus heterophyllus",5356541
"Lathyrus hirsutus",5356382
"Lathyrus inconspicuus",5356614
"Lathyrus incurvus",5356392
"Lathyrus japonicus",5356714
"Lathyrus latifolius",5356517
"Lathyrus niger",5356662
"Lathyrus nissolia",5356542
"Lathyrus ochroleucus",5356371
"Lathyrus ochrus",5356441
"Lathyrus palustris",5356412
"Lathyrus pannonicus",5356631
"Lathyrus rotundifolius",5356384
"Lathyrus sphaericus",5356680
"Lathyrus tuberosus",5356522
"Lathyrus venosus",5356511
"Launaea intybacea",3144674
"Launaea sarmentosa",3144718
"Laurus nobilis",3034015
"Lavandula angustifolia",2927305
"Lavandula latifolia",2927304
"Lavandula stoechas",2927303
"Leea rubra",7714497
"Leersia hexandra",2702901
"Leersia oryzoides",2702905
"Legousia hybrida",3158788
"Legousia speculum-veneris",8022456
"Lemna gibba",2867569
"Lemna obscura",2867608
"Lemna perpusilla",2867627
"Lemna valdiviana",2867612
"Leontodon hispidus",3137498
"Leontodon saxatilis",3065
"Leonurus cardiaca",5341389
"Lepidium aucheri",5376698
"Lepidium campestre",7703116
"Lepidium coronopus",5376627
"Lepidium didymum",5377060
"Lepidium graminifolium",5376994
"Lepidium latifolium",5376692
"Lepidium perfoliatum",5376816
"Lepironia articulata",2731062
"Leptospron adenanthum",7989033
"Lespedeza cyrtobotrya",2955621
"Lespedeza juncea",8458528
"Lespedeza stuevei",2955756
"Leucadendron argenteum",5638376
"Leucaena leucocephala",2970418
"Leucanthemella serotina",3088405
"Leucanthemopsis alpina",3122039
"Leucojum aestivum",2860425
"Leucojum vernum",2860409
"Leucophysalis grandiflora",2928967
"Leymus arenarius",2706368
"Leymus karelinii",4130335
"Leymus paboanus",4129970
"Liatris punctata",3104349
"Liatris spicata",3104314
"Liatris squarrosa",3104295
"Libidibia coriaria",2958707
"Ligularia sibirica",6445722
"Limnophila chinensis",6033875
"Limnophila heterophylla",5563158
"Limnophila indica",5415004
"Limnophila rugosa",5563114
"Limnophila sessiliflora",5415001
"Limoniastrum monopetalum",4088889
"Limosella aquatica",3172211
"Limosella australis",3172213
"Linaria arenaria",8105164
"Linaria arvensis",5562956
"Linaria dalmatica",5415011
"Linaria genistifolia",5415013
"Linaria nigricans",8047281
"Linaria odora",8361818
"Linaria pelisseriana",7886077
"Linaria purpurea",5415012
"Linaria simplex",8287616
"Linaria spartea",5415017
"Linaria supina",5415009
"Lindernia dubia",3171888
"Lindernia procumbens",8602699
"Lindsaea ensifolia",2650772
"Linum austriacum",2873877
"Linum bienne",2873896
"Linum catharticum",2873865
"Linum flavum",7293238
"Linum narbonense",4048802
"Linum perenne",2873878
"Linum trigynum",2873874
"Linum usitatissimum",2873861
"Lithospermum officinale",2926086
"Litsea monopetala",4182444
"Lobelia angulata",3160243
"Lobelia chevalieri",5408632
"Lobelia urens",5408353
"Lobularia libyca",5373339
"Logfia gallica",11665063
"Logfia minima",3088922
"Lolium giganteum",8368313
"Lolium multiflorum",4129708
"Lolium persicum",2706225
"Lolium remotum",2706236
"Lolium rigidum",2706218
"Lolium temulentum",2706242
"Lonicera alpigena",6369729
"Lonicera caerulea",5334269
"Lonicera caprifolium",5334227
"Lonicera etrusca",5334247
"Lonicera fragrantissima",5334268
"Lonicera maackii",7902463
"Lonicera nigra",7768870
"Lonicera periclymenum",5334277
"Lonicera xylosteum",5334259
"Lophiolepis serrulata",12187931
"Loropetalum chinense",7329104
"Lotus angustissimus",5356931
"Lotus conimbricensis",5356971
"Lotus corniculatus",5357013
"Lotus herbaceus",7815140
"Lotus hirsutus",5354799
"Lotus krylovii",5356866
"Lotus maritimus",5356973
"Lotus ornithopodioides",5357035
"Lotus pedunculatus",5356854
"Lotus rectus",5354797
"Lotus subbiflorus",5356841
"Lotus tenuis",7515045
"Lotus tetragonolobus",5356862
"Louisiella paludosa",12218606
"Ludwigia adscendens",7322187
"Ludwigia brevipes",5421000
"Ludwigia octovalvis",5420987
"Ludwigia palustris",5421025
"Ludwigia perennis",8129014
"Ludwigia prostrata",5545149
"Lumnitzera racemosa",6435171
"Lunaria rediviva",5373322
"Lupinus albus",2964167
"Lupinus luteus",2963817
"Lupinus perennis",2964435
"Luziola peruviana",2706177
"Luzula campestris",2700828
"Luzula congesta",2700896
"Luzula forsteri",2700706
"Luzula pallescens",2700640
"Lycianthes repens",3799000
"Lycium europaeum",3797421
"Lycium intricatum",3796884
"Lycopodiella caroliniana",2688362
"Lycopodiella cernua",2688348
"Lygodium microphyllum",2650435
"Lysiloma sabicu",2965836
"Lysimachia barystachys",3169347
"Lysimachia foemina",8368021
"Lysimachia hybrida",3169333
"Lysimachia linum-stellatum",4007682
"Lysimachia minima",7939955
"Lysimachia nummularia",3169379
"Lysimachia punctata",3169340
"Lysimachia tenella",4005183
"Lythrum alatum",3188732
"Lythrum borysthenicum",7892122
"Lythrum hyssopifolia",3188747
"Lythrum portula",3188743
"Lythrum thymifolia",3188745
"Lythrum tribracteatum",3188749
"Lythrum virgatum",3188735
"Maackia amurensis",5360278
"Macadamia integrifolia",2891785
"Macadamia ternifolia",8406703
"Macadamia tetraphylla",2891787
"Macrothelypteris torresiana",8846035
"Macrotyloma axillare",2976978
"Macrotyloma uniflorum",2976931
"Magnolia obovata",3153160
"Maianthemum dilatatum",2769435
"Malachra radiata",3152762
"Malcolmia flexuosa",5373160
"Malope malacoides",7278926
"Malva alcea",3152365
"Malva cretica",8109348
"Malva moschata",3152379
"Malva nicaeensis",3152367
"Malva parviflora",3152378
"Malva pusilla",3152372
"Malva sylvestris",3152374
"Malva thuringiaca",3940423
"Malva trimestris",3940326
"Malva verticillata",3152377
"Malvella sherardiana",3936886
"Mammea americana",3189421
"Mantisalca salmantica",3141571
"Marrubium peregrinum",3905970
"Marrubium vulgare",2927069
"Marsilea minuta",5274876
"Marsilea quadrifolia",5274875
"Matthiola incana",5377378
"Mayaca fluviatilis",2707865
"Mazus pumilus",3171304
"Medicago arabica",2965527
"Medicago carstiensis",2965232
"Medicago ciliaris",7373959
"Medicago littoralis",2965485
"Medicago minima",8073758
"Medicago monspeliaca",2965434
"Medicago murex",2965209
"Medicago orbicularis",2965299
"Medicago polymorpha",2965531
"Medicago rigidula",2965438
"Medicago rugosa",2965584
"Medicago truncatula",2965280
"Medinilla magnifica",3188507
"Melaleuca cajuputi",5415885
"Melampyrum arvense",7331741
"Melampyrum nemorosum",7331666
"Melia azedarach",5914287
"Melica altissima",2703109
"Melica ciliata",2703124
"Melilotus altissimus",2971042
"Melilotus dentatus",8349589
"Melilotus indicus",2971016
"Melilotus italicus",2971064
"Melilotus siculus",10773250
"Melilotus sulcatus",2971112
"Melilotus wolgicus",2971068
"Melinis minutiflora",2702503
"Melochia corchorifolia",3152125
"Meniocus linifolius",3045206
"Menispermum dauricum",3830405
"Mentha aquatica",2927208
"Mentha longifolia",7510173
"Mentha pulegium",2927189
"Mentha spicata",2927175
"Mentha suaveolens",2927190
"Menyanthes trifoliata",5341511
"Mercurialis annua",3062975
"Mercurialis perennis",3063016
"Merremia hederacea",5341744
"Mesembryanthemum crystallinum",3084839
"Metrosideros kermadecensis",3185314
"Meum athamanticum",6026490
"Mibora minima",2705682
"Micrococca mercurialis",3072557
"Microlepia platyphylla",3605436
"Microlepia speluncae",2650730
"Micromeria juliana",7774615
"Microstegium nudum",4123541
"Milium effusum",2706196
"Mimosa pigra",2969431
"Mimusops coriacea",2883694
"Misopates orontium",3171145
"Mnesithea laevis",4122105
"Moehringia trinervia",3085370
"Moenchia erecta",7841283
"Molinia caerulea",5289877
"Moluccella spinosa",3884141
"Monarda didyma",5341407
"Montia fontana",9004024
"Moorochloa eruciformis",4155246
"Moraea aristata",2744746
"Moraea sisyrinchium",2744255
"Moricandia arvensis",5376035
"Morinda citrifolia",5339879
"Mucuna pruriens",2951499
"Muhlenbergia cuspidata",2703983
"Mummenhoffia alliacea",10944522
"Murdannia dimorpha",2764777
"Murdannia simplex",2764739
"Murdannia spirata",7899974
"Murdannia vaginata",2764834
"Musa acuminata",2762680
"Musa balbisiana",2762950
"Muscari botryoides",2772094
"Muscari comosum",2769204
"Muscari neglectum",2772020
"Mutarda nigra",3042667
"Myagrum perfoliatum",3047811
"Myosotis alpestris",5341187
"Myosotis discolor",5341177
"Myosotis ramosissima",7589756
"Myosotis secunda",7294809
"Myosotis sparsiflora",7814874
"Myosotis stricta",5341190
"Myrica faya",5414211
"Myrica serrata",11613358
"Myricaria germanica",12193726
"Myriolimon diffusum",4090566
"Myriophyllum heterophyllum",5361762
"Myriophyllum pinnatum",5361776
"Myriophyllum spicatum",5361760
"Myroxylon balsamum",5357190
"Myrrhis odorata",3034681
"Myrtus communis",3180085
"Najas marina",5329324
"Najas minor",5329434
"Najas wrightiana",5329424
"Narcissus cyclamineus",2858654
"Narcissus minor",2858420
"Narcissus poeticus",2858581
"Narcissus pseudonarcissus",2858244
"Narcissus tazetta",2858963
"Nasturtium microphyllum",9184619
"Nasturtium officinale",7701037
"Neatostema apulum",4061000
"Neillia incisa",3853033
"Neltuma juliflora",2970805
"Nelumbo nucifera",2882449
"Neonotonia wightii",2947913
"Neotorularia torulosa",3047352
"Neotrinia splendens",10088756
"Neottia ovata",2816250
"Nepeta cataria",5341499
"Nepeta nuda",7309059
"Nepeta ucranica",7308802
"Nephelium lappaceum",5421126
"Nephroia orbiculata",11944230
"Nephrolepis brownii",4196780
"Nephrolepis falcata",2650928
"Nephrolepis hirsutula",2650931
"Nephrolepis undulata",2650934
"Neptunia oleracea",5353533
"Nerine bowdenii",5326845
"Nerium oleander",3169756
"Neslia paniculata",9040863
"Neurada procumbens",3701813
"Neustanthus phaseoloides",2977687
"Nicandra physalodes",5341754
"Nidorella aegyptiaca",8339120
"Nigella arvensis",7278276
"Nigella segetalis",5616659
"Noccaea caerulescens",3045463
"Noccaea perfoliata",7639623
"Nonea echioides",4060691
"Nonea pulla",7294644
"Notobasis syriaca",3122323
"Nuphar japonica",7326938
"Nuphar lutea",7551339
"Nuphar pumila",6435002
"Nymphaea alba",2882437
"Nymphaea lotus",2882429
"Nymphaea nouchali",7326947
"Nymphoides hydrophylla",5592249
"Nymphoides indica",5341503
"Nymphoides peltata",8810827
"Nypa fruticans",2738422
"Ochroma pyramidale",3152240
"Ocimum americanum",2927097
"Ocimum basilicum",2927096
"Ocimum tenuiflorum",2927100
"Ocotea foetens",4180201
"Odontarrhena argentea",3045113
"Odontites luteus",7855120
"Oenanthe aquatica",5371888
"Oenanthe fistulosa",5371890
"Oenanthe globulosa",5540405
"Oenanthe javanica",5371886
"Oenanthe pimpinelloides",5371889
"Ohwia caudata",2942986
"Oldenlandia capensis",2916000
"Oldenlandia pumila",2916211
"Olea europaea",5415040
"Olearia traversiorum",10845319
"Olimarabidopsis pumila",3042459
"Omalotheca supina",3104537
"Omalotheca sylvatica",3103192
"Omphalodes verna",2926048
"Oncidium altissimum",5321947
"Onobrychis arenaria",2972841
"Onobrychis viciifolia",2972595
"Onoclea struthiopteris",2651005
"Ononis arvensis",2977171
"Ononis natrix",2977234
"Ononis spinosa",2977149
"Onopordum acanthium",3094900
"Operculina turpethum",5341747
"Ophiuros exaltatus",4144505
"Oplismenus undulatifolius",7745203
"Oreomecon alpina",12076717
"Oreomecon nudicaulis",12164189
"Origanum vulgare",2926612
"Orlaya grandiflora",3638282
"Ornithopus perpusillus",5358256
"Ornithopus pinnatus",5358260
"Orthilia secunda",2888310
"Orthosiphon aristatus",7308026
"Osmunda regalis",8049341
"Ottelia alismoides",5329515
"Ouret lanata",10974033
"Oxalis exilis",3626311
"Oxalis purpurata",8315947
"Oxalis thompsoniae",3627672
"Oxalis violacea",2891708
"Oxybasis chenopodioides",8117283
"Oxybasis glauca",8290282
"Oxybasis rubra",7725469
"Oxybasis urbica",7418706
"Oxytropis floribunda",5361002
"Oxytropis glabra",5361642
"Paliurus spina-christi",5372457
"Pallenis spinosa",5385215
"Pancratium maritimum",2853283
"Papaver bracteatum",2888435
"Papaver cambricum",3602683
"Papaver dubium",2888464
"Papaver lecoqii",3600984
"Papaver orientale",2888437
"Papaver pinnatifidum",3603136
"Paphiopedilum insigne",2825576
"Pappophorum pappiferum",2705175
"Paramollugo nudicaulis",9476003
"Parapholis incurva",5290069
"Parapholis strigosa",5290068
"Parietaria debilis",5361795
"Parietaria judaica",5361801
"Parietaria officinalis",5361803
"Parietaria pensylvanica",5361796
"Parochetus communis",2981777
"Paronychia argentea",5528747
"Paronychia echinulata",5384696
"Paronychia fastigiata",5384726
"Parthenocissus tricuspidata",3039209
"Patis obtusa",7675304
"Pavonia spinifex",5406784
"Pedalium murex",5527253
"Pedicularis spicata",7333007
"Pedicularis sylvatica",3171712
"Peganum harmala",3189912
"Peltaria alliacea",3052632
"Peltophorum pterocarpum",2952775
"Penstemon hirsutus",3171613
"Penstemon pallidus",3171507
"Pentanema britannica",10010617
"Pentanema ensifolium",9940502
"Pentanema oculus-christi",10540409
"Pentanema salicinum",9868510
"Pentapogon micranthus",4146053
"Perezia multiflora",5391359
"Periploca graeca",5414545
"Perotis indica",4144406
"Persea americana",3034046
"Persicaria acuminata",8213795
"Persicaria amphibia",6391648
"Persicaria dichotoma",7928699
"Persicaria minor",6391150
"Persicaria mitis",7804549
"Persicaria sagittata",6390897
"Persicaria senegalensis",7291212
"Persicaria thunbergii",7291143
"Persicaria viscosa",7897412
"Petasites frigidus",3088323
"Petasites hybridus",9490132
"Petasites spurius",7675973
"Petrorhagia nanteuilii",3085622
"Petrorhagia prolifera",3085619
"Petrorhagia saxifraga",3085623
"Petrosedum forsterianum",7625285
"Petrosedum rupestre",7618770
"Petrosedum sediforme",4201784
"Peucedanum palustre",6720
"Phacelia dubia",2928259
"Phaius tankervilleae",2836465
"Phalaris aquatica",5289746
"Phalaris brachystachys",5289745
"Phaulopsis imbricata",7501398
"Phedimus aizoon",7172831
"Phedimus stellatus",4201598
"Phellodendron amurense",3190154
"Philadelphus coronarius",2986045
"Phillyrea latifolia",7325923
"Phlomis fruticosa",2927452
"Phlomoides tuberosa",3884879
"Phlox bifida",2927715
"Phlox divaricata",2927730
"Pholiurus pannonicus",4138669
"Phonus lanatus",4236302
"Phryma leptostachya",2925445
"Phyla nodiflora",5341112
"Phyllanthus angustifolius",5381986
"Phyllanthus emblica",5381660
"Phymatosorus scolopendria",4025247
"Physalis pubescens",5341819
"Phyteuma nigrum",3166917
"Phyteuma orbiculare",3166655
"Phyteuma spicatum",3166841
"Picea abies",5284884
"Picea obovata",5284765
"Picris rhagadioloides",3093286
"Pilea trianthemoides",5361850
"Pimpinella lutea",5539193
"Pimpinella major",5371874
"Pimpinella peregrina",5538946
"Pinus brutia",5285710
"Pinus cembra",5285134
"Pinus mugo",5285385
"Pinus peuce",5285079
"Pinus pinea",5285165
"Pinus sibirica",5284667
"Pinus sylvestris",5285637
"Piscidia piscipula",2956069
"Pistacia atlantica",3190581
"Pithecellobium unguis-cati",2962854
"Pittosporum crassifolium",2986285
"Pittosporum ferrugineum",7303859
"Plantago albicans",8424834
"Plantago cornuti",4156286
"Plantago coronopus",3189739
"Plantago heterophylla",3189760
"Plantago indica",3189763
"Plantago maritima",3189755
"Plantago salsa",4156231
"Plantago sempervirens",7303117
"Platanus occidentalis",3152820
"Platanus orientalis",3152816
"Platycerium alcicorne",7289981
"Platycodon grandiflorus",3164340
"Pleopeltis polypodioides",2650496
"Pleurolobus gangeticus",10781752
"Pleurolobus salicifolius",10727592
"Pluchea camphorata",3132651
"Pluchea indica",3132728
"Plumbago zeylanica",3082282
"Plumeria obtusa",3169677
"Podocarpus latifolius",5285951
"Podocarpus macrophyllus",5285930
"Podophyllum hexandrum",3033840
"Polemonium caeruleum",2927850
"Polhillides velutina",10829464
"Polyalthia suberosa",3156325
"Polycarpon prostratum",7430434
"Polycarpon tetraphyllum",3085381
"Polycnemum arvense",3083603
"Polycnemum heuffelii",3757382
"Polycnemum majus",6447704
"Polygala monspeliaca",7602100
"Polygala senega",3191367
"Polygala serpyllifolia",3191414
"Polygala vulgaris",3191374
"Polygonatum latifolium",7920718
"Polygonatum verticillatum",2770004
"Polygonum arenarium",5334315
"Polygonum arenastrum",5334294
"Polygonum bellardii",5334430
"Polygonum maritimum",8195379
"Polygonum oxyspermum",8370223
"Polypodium cambricum",5274944
"Polypodium vulgare",5274951
"Polypogon monspeliensis",5289917
"Polypremum procumbens",5415472
"Polystachya concreta",2792457
"Polystichum aculeatum",7319269
"Polystichum braunii",2651092
"Polystichum lonchitis",2651113
"Polystichum luctuosum",4046493
"Polystichum setiferum",4044517
"Polytrias indica",4153188
"Pontederia cordata",2766030
"Populus alba",3040233
"Populus euphratica",3804846
"Populus nigra",3040227
"Posidonia oceanica",5328663
"Pouzolzia zeylanica",2984383
"Premna serratifolia",6411486
"Prenanthes purpurea",3090783
"Primula auricula",7974503
"Primula elatior",5414326
"Primula farinosa",7931979
"Primula juliae",5641267
"Primula matthioli",9764749
"Primula veris",8377689
"Primula vulgaris",5414335
"Proboscidea louisianica",5415100
"Protea cynaroides",5637947
"Prunella grandiflora",7666664
"Prunella laciniata",5341296
"Prunus avium",3020791
"Prunus cerasifera",3021730
"Prunus fruticosa",3023098
"Prunus grisea",3021789
"Prunus lusitanica",3020871
"Prunus maackii",3021586
"Prunus padus",3021037
"Prunus sibirica",3021111
"Prunus spinosa",3023221
"Prunus tenella",3022879
"Psammophiliella muralis",3085257
"Pseudoconyza viscosa",3086704
"Pseudognaphalium luteoalbum",3147761
"Pseudopodospermum hispanicum",10854225
"Pseudoroegneria spicata",2705699
"Pseudoturritis turrita",3042086
"Psilotum nudum",2688176
"Pteridium aquilinum",5275012
"Pteris cretica",5275404
"Pteris ensiformis",3914366
"Pteris grandifolia",5275402
"Pteris tripartita",5275407
"Pteris vittata",5275398
"Pterocarpus indicus",5349242
"Pterocarpus marsupium",5349309
"Pterocarya fraxinifolia",8288647
"Puccinellia distans",2704688
"Puccinellia fasciculata",2704720
"Puccinellia maritima",2704687
"Puccinellia nutkaensis",2704698
"Puccinellia rupestris",2704684
"Pulicaria dysenterica",3095609
"Pulicaria vulgaris",6443643
"Pulmonaria mollis",7958783
"Pulmonaria montana",7294673
"Pulmonaria obscura",5439925
"Pulmonaria officinalis",5341204
"Pulsatilla halleri",3929423
"Pulsatilla patens",3033623
"Punica granatum",5420901
"Pyracantha coccinea",2988188
"Pyracantha koidzumii",2988162
"Quercus canariensis",2880808
"Quercus ilex",2879098
"Quercus pubescens",2881283
"Quercus robur",2878688
"Rabelera holostea",11071158
"Radiola linoides",2873844
"Raphia farinifera",5293210
"Rapistrum perenne",5373365
"Rapistrum rugosum",5373368
"Rauvolfia serpentina",3169787
"Reichardia picroides",5385655
"Reseda luteola",3040251
"Reseda odorata",3040255
"Reseda phyteuma",3040253
"Reutealis trisperma",3063618
"Rhagadiolus stellatus",5399550
"Rhamnus cathartica",3039491
"Rheum rhaponticum",2888866
"Rhinanthus alectorolophus",3172045
"Rhinanthus minor",3172043
"Rhinanthus rumelicus",3741862
"Rhipsalis baccifera",3084036
"Rhizophora stylosa",3874022
"Rhododendron calendulaceum",2883036
"Rhododendron groenlandicum",2882984
"Rhododendron luteum",7135755
"Rhododendron maximum",2883094
"Rhododendron ponticum",7327990
"Rhododendron tomentosum",6400569
"Rhodotypos scandens",3032442
"Rhus coriaria",3190563
"Rhynchospora corymbosa",2721495
"Ridolfia segetum",3640194
"Ripariosida hermaphrodita",9296871
"Roemeria argemone",5531435
"Roemeria hybrida",7315023
"Romulea bulbocodium",2743687
"Romulea columnae",2743594
"Rorippa amphibia",3053201
"Rorippa austriaca",3053406
"Rorippa globosa",3053159
"Rorippa islandica",3053144
"Rorippa pyrenaica",3053399
"Rosa acicularis",3002193
"Rosa arkansana",3007165
"Rosa arvensis",3007054
"Rosa bracteata",12190776
"Rosa canina",3002461
"Rosa dumalis",3003708
"Rosa gallica",3002530
"Rosa glauca",3003709
"Rosa laevigata",3002751
"Rosa majalis",3002263
"Rosa micrantha",3002154
"Rosa mollis",3003048
"Rosa rubiginosa",8174785
"Rosa sempervirens",3002660
"Rosa setigera",3004638
"Rosa sherardii",3003017
"Rosa spinosissima",3002333
"Rosa tomentosa",7934161
"Rosa villosa",12205752
"Rostraria cristata",5289906
"Rotala mexicana",7286190
"Rotala ramosior",7727923
"Rotala rotundifolia",7122825
"Rothia indica",5353606
"Roystonea regia",2733755
"Rubia cordifolia",2892192
"Rubia tinctorum",2892272
"Rumex acetosa",2888951
"Rumex acetosella",2888995
"Rumex aquaticus",2888992
"Rumex conglomeratus",2888963
"Rumex hastatulus",7840099
"Rumex hydrolapathum",7291247
"Rumex longifolius",2888946
"Rumex maritimus",2888980
"Rumex palustris",4037603
"Rumex patientia",2889019
"Rumex pseudonatronatus",7911993
"Rumex pulcher",2888978
"Rumex sanguineus",2888960
"Rumex scutatus",2888961
"Rumex stenophyllus",2889023
"Rumex vesicarius",2888986
"Ruppia cirrhosa",2863987
"Ruscus aculeatus",2769766
"Ruscus hypoglossum",2769775
"Ruscus hypophyllum",2769757
"Sabatia angularis",5414514
"Sabatia campestris",5414501
"Sabulina mediterranea",5587011
"Sabulina viscosa",5586946
"Sageretia thea",3039516
"Sagina apetala",8941837
"Sagina maritima",3085407
"Sagina micropetala",3808928
"Sagina nodosa",3085388
"Sagina saginoides",7952995
"Sagittaria brevirostra",5329149
"Sagittaria latifolia",5328909
"Sagittaria platyphylla",5329007
"Sagittaria rigida",5329027
"Sagittaria sagittifolia",5328882
"Sagittaria trifolia",5328972
"Salicornia fruticosa",5567884
"Salicornia perennis",5383932
"Salsola kali",3083957
"Salsola tragus",3083945
"Salvia aethiopis",2927030
"Salvia dumetorum",7749625
"Salvia fruticosa",6412283
"Salvia glutinosa",2927026
"Salvia nemorosa",2927028
"Salvia nutans",2926984
"Salvia officinalis",2927004
"Salvia pratensis",2927007
"Salvia rosmarinus",10902460
"Salvia sagittata",3888514
"Salvia sclarea",2927000
"Salvia verbenaca",6409706
"Salvia verticillata",2926995
"Salvinia auriculata",5274861
"Salvinia minima",5274860
"Salvinia natans",5274858
"Samanea saman",2972960
"Samolus valerandi",3169313
"Sandoricum koetjape",3850843
"Sanicula elata",3639353
"Sanicula europaea",6027128
"Santalum album",2889785
"Sapindus saponaria",8017915
"Saponaria calabrica",3812743
"Saponaria ocymoides",3085357
"Satureja montana",2926884
"Saussurea amara",5404313
"Saxifraga cuneifolia",7663587
"Saxifraga granulata",7887000
"Saxifraga hostii",3755568
"Saxifraga hypnoides",8028512
"Saxifraga rosacea",3032758
"Saxifraga rotundifolia",7339396
"Saxifraga tridactylites",3032833
"Saxifraga umbrosa",3032812
"Scaevola taccada",6358362
"Scandix pecten-veneris",3034233
"Scandosorbus intermedia",10071055
"Schenkia spicata",5595243
"Schisandra chinensis",7696841
"Schismus arabicus",2704340
"Schismus barbatus",2704341
"Schoenoplectiella erecta",2710749
"Schoenoplectiella lateriflora",2710793
"Schoenoplectiella lineolata",5827388
"Schoenoplectiella mucronata",5827389
"Schoenoplectiella supina",2710765
"Schoenoplectus lacustris",2710941
"Schoenoplectus tabernaemontani",2711157
"Schoenoplectus triqueter",2711033
"Scilla bifolia",2767506
"Scilla bithynica",2767405
"Scilla siberica",8080743
"Scirpoides holoschoenus",2718201
"Scleranthus annuus",3085894
"Scleranthus perennis",3085895
"Sclerochloa dura",2704841
"Scolochloa festucacea",5289769
"Scolymus grandiflorus",5403745
"Scorzonera laciniata",8286501
"Scrophularia altaica",3739147
"Scrophularia auriculata",3170875
"Scrophularia nodosa",3170886
"Scrophularia scopolii",8345868
"Scrophularia vernalis",7810918
"Scutellaria altissima",5341373
"Scutellaria baicalensis",7309014
"Scutellaria columnae",5609719
"Scutellaria galericulata",2926759
"Scutellaria minor",5341345
"Scutellaria nervosa",5341363
"Secale sylvestre",4121040
"Sedum album",5362008
"Sedum dasyphyllum",7172720
"Sedum sexangulare",5361991
"Selaginella moellendorffii",5836522
"Selaginella perpusilla",7595999
"Selaginella willdenowii",8688934
"Selenicereus grandiflorus",3084466
"Selinum carvifolia",5371781
"Sempervivum arachnoideum",4201709
"Sempervivum globiferum",8091002
"Sempervivum tectorum",2985949
"Senna septemtrionalis",2957529
"Serapias lingua",5314814
"Serapias nurrica",5314882
"Sesbania sericea",2970735
"Seseli montanum",6026420
"Seseli osseum",3630143
"Seseli peucedanoides",3629993
"Sesleria albicans",8402430
"Sesuvium portulacastrum",3084883
"Sherardia arvensis",5339050
"Sibbaldianthe bifurca",3000723
"Sibirotrisetum sibiricum",10954057
"Sideritis lanata",2926686
"Sideritis montana",2926688
"Sigesbeckia orientalis",3125901
"Silene baccifera",10953644
"Silene bellidifolia",8321919
"Silene chalcedonica",5584611
"Silene chlorantha",5384808
"Silene conica",5384774
"Silene cretica",8150863
"Silene dichotoma",5384818
"Silene dioica",5384795
"Silene flavescens",7812211
"Silene flos-cuculi",5384738
"Silene gallica",5384848
"Silene italica",8993502
"Silene nivea",7936925
"Silene noctiflora",5384834
"Silene nutans",5384781
"Silene sibirica",5384842
"Silene tatarica",5588145
"Silene vulgaris",9172281
"Silybum marianum",3145214
"Sinapis alba",3047621
"Sindora supa",2943386
"Sison amomum",3641433
"Sisymbrium altissimum",3046736
"Sisymbrium irio",3046851
"Sisymbrium loeselii",3046875
"Sisymbrium orientale",3046812
"Sisymbrium polyceratium",3046899
"Sisymbrium polymorphum",3046830
"Sisymbrium strictissimum",3046850
"Sisyrinchium albidum",5296124
"Sium latifolium",3034530
"Sium suave",3034526
"Smilax aspera",5295044
"Smyrnium olusatrum",3034782
"Soda inermis",3758349
"Soldanella montana",7290472
"Soleirolia soleirolii",2984366
"Solidago missouriensis",5389117
"Solidago ptarmicoides",8640888
"Sonchus palustris",3105650
"Sonneratia apetala",5635615
"Sophora tomentosa",2958970
"Sorbaria sorbifolia",3012089
"Sparaxis fragrans",2745794
"Sparaxis pillansii",2745782
"Sparaxis tricolor",2745841
"Sparganium emersum",2702266
"Sparganium erectum",7679536
"Sparganium glomeratum",7809564
"Spartium junceum",5355395
"Spathoglottis plicata",2816456
"Spergula arvensis",3085810
"Spergula morisonii",3085811
"Spergula pentandra",3085814
"Spergula segetalis",3813448
"Spergularia diandra",3085636
"Spergularia echinosperma",7721766
"Spergularia marina",7736551
"Spergularia media",7570897
"Spergularia rubra",3085633
"Spermacoce prostrata",2911935
"Sphaeranthus africanus",7729020
"Sphaeromorphaea australis",3125384
"Sphenodesme pentandra",3886420
"Sphenopus divaricatus",4153196
"Spiraea chamaedryfolia",3026406
"Spiraea media",3027231
"Spiraea salicifolia",3026454
"Spiraea trilobata",3026656
"Spirobassia hirsuta",8243150
"Sporobolus aculeatus",9379326
"Sporobolus alopecuroides",9632508
"Sporobolus maritimus",9396295
"Sporobolus schoenoides",9382716
"Sporobolus virginicus",2704745
"Stachys alpina",7306931
"Stachys annua",2927235
"Stachys arvensis",2927229
"Stachys germanica",2927297
"Stachys ocymastrum",2927266
"Stachys palustris",2927245
"Stachys recta",2927298
"Staphylea pinnata",3686235
"Stellaria aquatica",5384501
"Stellaria longifolia",5384658
"Stellaria neglecta",6363436
"Stellaria nemorum",6363434
"Stellaria palustris",8127028
"Stellaria pubera",5384664
"Stemodia verticillata",3171751
"Stenanthium gramineum",2741746
"Stenochlaena tenuifolia",2651520
"Sternbergia lutea",5326791
"Stictocardia tiliifolia",3677765
"Stipagrostis hirtigluma",4130547
"Stratiotes aloides",5329192
"Striga gesnerioides",3171158
"Strigosella africana",5373440
"Strobilanthes reptans",8261915
"Strychnos nux-vomica",5414399
"Strychnos spinosa",5414400
"Stuckenia pectinata",7871428
"Stylosanthes fruticosa",2975709
"Styrax officinalis",5371666
"Suaeda aegyptiaca",3757104
"Suaeda maritima",3083541
"Suaeda vermiculata",3755896
"Succisa pratensis",2888811
"Succisella inflexa",2888819
"Succowia balearica",3040899
"Swietenia macrophylla",3190484
"Swietenia mahagoni",3190485
"Symphyotrichum ciliatum",3151692
"Symphyotrichum dumosum",3151434
"Symphytum officinale",7558421
"Symphytum tauricum",4066938
"Syringa josikaea",7636833
"Tabernaemontana litoralis",3616406
"Tadehagi triquetrum",2950828
"Tamarindus indica",2975768
"Tamarix africana",2874702
"Tamarix gallica",8380575
"Tanacetum bipinnatum",3118382
"Tanacetum cinerariifolium",3118284
"Tanacetum corymbosum",3118216
"Tanacetum millefolium",3118349
"Tanacetum vulgare",3118274
"Taxus baccata",5284517
"Taxus cuspidata",5284524
"Tecomella undulata",4093643
"Teesdalia coronopifolia",3054156
"Teesdalia nudicaulis",3054168
"Telekia speciosa",5389173
"Telmatoblechnum serrulatum",7633685
"Tephrosia inandensis",5342157
"Terminalia bellirica",3189390
"Terminalia buceras",3698958
"Tetraclinis articulata",2684184
"Teucrium botrys",2926903
"Teucrium chamaedrys",6411747
"Teucrium fruticans",2926902
"Teucrium orientale",2926897
"Teucrium scorodonia",2926901
"Thelypteris dentata",5275277
"Thelypteris hispidula",5275235
"Thelypteris interrupta",5275319
"Thelypteris opulenta",5275254
"Thelypteris parasitica",5275232
"Thelypteris unita",6618
"Thesium linophyllon",5334510
"Thespesia populnea",3152795
"Thinopyrum elongatum",4125808
"Thinopyrum junceum",8395719
"Thymelaea passerina",5420850
"Thymus pannonicus",5341447
"Thymus praecox",5341449
"Thymus pulegioides",5341443
"Thymus serpyllum",6409622
"Ticanto crista",11973078
"Tilia cordata",3152047
"Tilia dasystyla",8187982
"Tilia platyphyllos",3152048
"Tillandsia bulbosa",2695645
"Tillandsia usneoides",2695149
"Tinospora crispa",8298918
"Tolpis barbata",3097166
"Tolpis virgata",3097191
"Toona ciliata",3190472
"Tordylium apulum",3034902
"Tordylium maximum",3633319
"Torenia crustacea",3171892
"Torenia polygonoides",3725184
"Torilis arvensis",3034823
"Torilis japonica",3034820
"Torilis leptophylla",8364220
"Torilis nodosa",3034819
"Toxicodendron radicans",3190628
"Tradescantia bracteata",2765168
"Tragopogon crocifolius",5386974
"Tragopogon dubius",6443709
"Tragopogon floccosus",5386969
"Tragus racemosus",5290126
"Trapa natans",3188757
"Trianoptiles solitaria",2708017
"Trianthema portulacastrum",3084848
"Tribulus terrestris",5421116
"Trichomanes membranaceum",2372
"Trichosanthes tricuspidata",7317567
"Tricyrtis formosana",2752120
"Triglochin bulbosa",2865355
"Triglochin palustris",2865280
"Trigonella balansae",5360384
"Trigonella caerulea",5360498
"Trigonella procumbens",5360402
"Tripidium arundinaceum",10832044
"Tripidium ravennae",6431296
"Tripleurospermum maritimum",3104173
"Tripolium pannonicum",3098616
"Tristellateia australasiae",3983468
"Triumfetta rhomboidea",3152069
"Triumfetta semitriloba",3152072
"Trollius europaeus",3033289
"Tuberaria guttata",2874024
"Turgenia latifolia",3034778
"Turritis glabra",5376000
"Tussilago farfara",3149879
"Typha angustifolia",5289461
"Typha domingensis",5289534
"Typha latifolia",5289423
"Typha laxmannii",5289503
"Typha minima",5289492
"Typhonium flagelliforme",2869538
"Typhonium roxburghii",2869636
"Typhonium trilobatum",2869559
"Ulex europaeus",2951984
"Ulmus glabra",5361866
"Ulmus laevis",7303616
"Ulmus minor",5361865
"Umbilicus rupestris",7334368
"Urospermum picroides",3096624
"Urtica membranacea",7685819
"Urtica pilulifera",5670646
"Urtica urens",5361815
"Utricularia breviscapa",4087664
"Utricularia cornuta",3172437
"Utricularia gibba",3172407
"Utricularia subulata",3172419
"Vaccinium vitis-idaea",2882835
"Vahlodea atropurpurea",2705701
"Valantia hispida",2894034
"Valeriana carinata",9743950
"Valeriana coronata",2888767
"Valeriana dentata",4094957
"Valeriana eriocarpa",9786496
"Valeriana excelsa",8188719
"Valeriana locusta",6710
"Valeriana officinalis",2888763
"Valeriana pumila",4095302
"Valeriana rimosa",9679619
"Valeriana rubra",4094753
"Vallisneria americana",2865501
"Vallisneria spiralis",2865526
"Ventenata dubia",2703592
"Veratrum album",2742119
"Verbascum blattaria",3171943
"Verbascum chaixii",8949622
"Verbascum creticum",3740375
"Verbascum densiflorum",3171939
"Verbascum orientale",8085683
"Verbascum phlomoides",3171948
"Verbascum phoeniceum",3171951
"Verbascum pulverulentum",3171941
"Verbascum speciosum",3171952
"Verbena officinalis",2925529
"Verbena supina",2925492
"Vernonia noveboracensis",8271565
"Veronica acinifolia",8019690
"Veronica agrestis",3172082
"Veronica americana",3172084
"Veronica anagalloides",7332572
"Veronica austriaca",3172099
"Veronica bachofenii",3172103
"Veronica barkeri",4936163
"Veronica catenata",3172092
"Veronica dieffenbachii",3731944
"Veronica dillenii",3172053
"Veronica fruticans",3172054
"Veronica fruticulosa",3731357
"Veronica hederifolia",3172070
"Veronica incana",6439117
"Veronica javanica",3730342
"Veronica longifolia",3172118
"Veronica officinalis",3172049
"Veronica opaca",3172071
"Veronica polita",3172074
"Veronica praecox",7331926
"Veronica prostrata",8903918
"Veronica scutellata",3172072
"Veronica speciosa",3172028
"Veronica spicata",3172059
"Veronica spuria",3172065
"Veronica sublobata",3725447
"Veronica teucrium",3725062
"Veronica triphyllos",3172119
"Veronica urticifolia",8242995
"Veronica verna",3172116
"Viburnum lantana",2888615
"Viburnum opulus",2888605
"Viburnum sargentii",2888607
"Viburnum tinus",2888585
"Vicia biennis",2974859
"Vicia bithynica",2975309
"Vicia dalmatica",3973636
"Vicia dumetorum",2974946
"Vicia ervilia",2974887
"Vicia grandiflora",2974901
"Vicia hirsuta",2975328
"Vicia hybrida",2975257
"Vicia lathyroides",2975076
"Vicia lutea",2974753
"Vicia narbonensis",2975132
"Vicia pannonica",2974811
"Vicia parviflora",2974776
"Vicia peregrina",2975262
"Vicia serratifolia",2975135
"Vicia tenuifolia",2975188
"Vicia tetrasperma",2975083
"Vicia villosa",9182154
"Vigna marina",2982571
"Vinca herbacea",3169710
"Vinca major",3169708
"Viola alba",7296398
"Viola canina",5331258
"Viola collina",7296247
"Viola cornuta",7628663
"Viola elatior",7707374
"Viola kitaibeliana",5331342
"Viola odorata",5331181
"Viola patrinii",7390250
"Viola suavis",7544600
"Viola tricolor",5331347
"Viola variegata",8006762
"Viscaria alpina",6364441
"Viscaria vulgaris",8153621
"Viscum album",2889828
"Vitex agnus-castus",2925562
"Vitex negundo",2925564
"Vitex parviflora",2925563
"Vitex trifolia",2925561
"Vitis amurensis",5372380
"Vittaria lineata",2650246
"Volkameria heterophylla",8202368
"Volkameria inermis",2925354
"Waltheria indica",5406665
"Weigela florida",2888730
"Wolffia arrhiza",5330092
"Wolffia brasiliensis",5330080
"Wolffia globosa",5330098
"Wollastonia biflora",5386813
"Woodwardia radicans",5275359
"Xanthium strumarium",3089154
"Xeranthemum annuum",7956743
"Ximenia americana",2889811
"Xyris complanata",2693047
"Xyris indica",2692701
"Xyris jupicai",2692758
"Yamazakia pusilla",11067359
"Youngia japonica",5387974
"Zaleya pentandra",7329156
"Zingiber zerumbet",2757108
"Zizania latifolia",10919373
"Zizania palustris",2703230
"Zornia gibbosa",5355266
"Zostera japonica",2863943
"Zostera noltii",2863938
"Zoysia japonica",2704737
"Zoysia matrella",2704740
